Workbook

Sheet Rate Check
A1: Zidane Corporation - Quote PR-217 & PR-228: Brand + Buying Rate Check
A3: Target markup on buying (High): | E3: 0.15 | F3: <- yellow cell change karo, revised rates update ho jayenge
A5: SR# | B5: Item Description | C5: Quoted Brand | D5: Qty | E5: Quoted Rate (PKR) | F5: Correct / Suggested Brand | G5: Buying Low (PKR) | H5: Buying High (PKR) | I5: Margin on High Buy | J5: Status | K5: Revised Rate (PKR) | L5: Quoted Total | M5: Revised Total | N5: Cost Total (High) | O5: Brand Changed? | P5: Status (V/S/N) | Q5: Source / Basis | R5: Note
A6: 1 | B6: STONE CUTTING DISC 4" | C6: Industrial | D6: 30 | E6: 325 | F6: Rhodius | G6: 280 | H6: 280 | I6: =IF(E6=0,0,(E6-H6)/E6) -> 0.13846154 | J6: =IF(E6<G6,"LOSS",IF(E6<H6*1.1,"THIN / RISK",IF(E6>H6*1.8,"OVERPRICED?","OK"))) -> OK | K6: =IF(J6="OVERPRICED?",ROUND(H6*1.35,-1),MAX(E6,ROUND(H6*(1+$E$3),-1))) -> 325 | L6: =D6*E6 -> 9750 | M6: =D6*K6 -> 9750 | N6: =D6*H6 -> 8400 | O6: =IF(ISNUMBER(SEARCH(C6,F6)),"","YES") -> YES | P6: S | Q6: nasirnsons.com Rhodius 4in cutting disc Rs 280; toolshub Permanent 4in 120 | R6: Spec/pack/stock farq - source dekho
A7: 2 | B7: STEEL NAIL 1-1/2" Taiwan | C7: Licota | D7: 2 | E7: 455 | F7: Generic (Taiwan) | G7: 300 | H7: 450 | I7: =IF(E7=0,0,(E7-H7)/E7) -> 0.010989011 | J7: =IF(E7<G7,"LOSS",IF(E7<H7*1.1,"THIN / RISK",IF(E7>H7*1.8,"OVERPRICED?","OK"))) -> THIN / RISK | K7: =IF(J7="OVERPRICED?",ROUND(H7*1.35,-1),MAX(E7,ROUND(H7*(1+$E$3),-1))) -> 520 | L7: =D7*E7 -> 910 | M7: =D7*K7 -> 1040 | N7: =D7*H7 -> 900 | O7: =IF(ISNUMBER(SEARCH(C7,F7)),"","YES") -> YES | P7: N | Q7: Hardware mkt | R7: Online nahi mila - dealer quote chahiye.
A8: 3 | B8: MECHANICAL JACK 5 TON (Japan or Germany) | C8: Licota | D8: 2 | E8: 58500 | F8: Masada (Japan) / Yato | G8: 45000 | H8: 75000 | I8: =IF(E8=0,0,(E8-H8)/E8) -> -0.28205128 | J8: =IF(E8<G8,"LOSS",IF(E8<H8*1.1,"THIN / RISK",IF(E8>H8*1.8,"OVERPRICED?","OK"))) -> THIN / RISK | K8: =IF(J8="OVERPRICED?",ROUND(H8*1.35,-1),MAX(E8,ROUND(H8*(1+$E$3),-1))) -> 86250 | L8: =D8*E8 -> 117000 | M8: =D8*K8 -> 172500 | N8: =D8*H8 -> 150000 | O8: =IF(ISNUMBER(SEARCH(C8,F8)),"","YES") -> YES | P8: N | Q8: Importer quote needed | R8: Online nahi mila - dealer quote chahiye. mech screw jack; alt hydraulic
A9: 4 | B9: DRILL BIT 08 MM (Yato or any Good brand taiwan) | C9: Licota | D9: 50 | E9: 715 | F9: Dormer A002 | G9: 1500 | H9: 2500 | I9: =IF(E9=0,0,(E9-H9)/E9) -> -2.4965035 | J9: =IF(E9<G9,"LOSS",IF(E9<H9*1.1,"THIN / RISK",IF(E9>H9*1.8,"OVERPRICED?","OK"))) -> LOSS | K9: =IF(J9="OVERPRICED?",ROUND(H9*1.35,-1),MAX(E9,ROUND(H9*(1+$E$3),-1))) -> 2880 | L9: =D9*E9 -> 35750 | M9: =D9*K9 -> 144000 | N9: =D9*H9 -> 125000 | O9: =IF(ISNUMBER(SEARCH(C9,F9)),"","YES") -> YES | P9: N | Q9: toolsmart.pk Dormer A002 1-10mm from 900 (8mm exact n/a) | R9: Online nahi mila - dealer quote chahiye. single 8mm (ktools Bosch HSS range 520-5,500
A10: 5 | B10: MECHANICAL JACK 03 TONS (Japan or germany) | C10: Licota | D10: 2 | E10: 41600 | F10: Masada (Japan) / Yato | G10: 32000 | H10: 55000 | I10: =IF(E10=0,0,(E10-H10)/E10) -> -0.32211538 | J10: =IF(E10<G10,"LOSS",IF(E10<H10*1.1,"THIN / RISK",IF(E10>H10*1.8,"OVERPRICED?","OK"))) -> THIN / RISK | K10: =IF(J10="OVERPRICED?",ROUND(H10*1.35,-1),MAX(E10,ROUND(H10*(1+$E$3),-1))) -> 63250 | L10: =D10*E10 -> 83200 | M10: =D10*K10 -> 126500 | N10: =D10*H10 -> 110000 | O10: =IF(ISNUMBER(SEARCH(C10,F10)),"","YES") -> YES | P10: N | Q10: Importer quote needed | R10: Online nahi mila - dealer quote chahiye. mech screw jack; alt hydraulic
A11: 6 | B11: SAFETY HELMET (WHITE) | C11: Industrial | D11: 6 | E11: 1105 | F11: Total | G11: 730 | H11: 730 | I11: =IF(E11=0,0,(E11-H11)/E11) -> 0.33936652 | J11: =IF(E11<G11,"LOSS",IF(E11<H11*1.1,"THIN / RISK",IF(E11>H11*1.8,"OVERPRICED?","OK"))) -> OK | K11: =IF(J11="OVERPRICED?",ROUND(H11*1.35,-1),MAX(E11,ROUND(H11*(1+$E$3),-1))) -> 1105 | L11: =D11*E11 -> 6630 | M11: =D11*K11 -> 6630 | N11: =D11*H11 -> 4380 | O11: =IF(ISNUMBER(SEARCH(C11,F11)),"","YES") -> YES | P11: V | Q11: powerhouseexpress Total TSP2609 730-810 (alt Ingco 1,440)
A12: 7 | B12: SAFETY GOOGLES | C12: Industrial | D12: 24 | E12: 507 | F12: Blue Eagle | G12: 350 | H12: 350 | I12: =IF(E12=0,0,(E12-H12)/E12) -> 0.30966469 | J12: =IF(E12<G12,"LOSS",IF(E12<H12*1.1,"THIN / RISK",IF(E12>H12*1.8,"OVERPRICED?","OK"))) -> OK | K12: =IF(J12="OVERPRICED?",ROUND(H12*1.35,-1),MAX(E12,ROUND(H12*(1+$E$3),-1))) -> 507 | L12: =D12*E12 -> 12168 | M12: =D12*K12 -> 12168 | N12: =D12*H12 -> 8400 | O12: =IF(ISNUMBER(SEARCH(C12,F12)),"","YES") -> YES | P12: V | Q12: mjstraders + hacsons Blue Eagle NP102 350
A13: 8 | B13: 7 DRAWER TOOL TROLLEY | C13: Licota | D13: 3 | E13: 161070 | F13: Licota | G13: 272440 | H13: 272440 | I13: =IF(E13=0,0,(E13-H13)/E13) -> -0.6914385 | J13: =IF(E13<G13,"LOSS",IF(E13<H13*1.1,"THIN / RISK",IF(E13>H13*1.8,"OVERPRICED?","OK"))) -> LOSS | K13: =IF(J13="OVERPRICED?",ROUND(H13*1.35,-1),MAX(E13,ROUND(H13*(1+$E$3),-1))) -> 313310 | L13: =D13*E13 -> 483210 | M13: =D13*K13 -> 939930 | N13: =D13*H13 -> 817320 | O13: =IF(ISNUMBER(SEARCH(C13,F13)),"","YES") | P13: V | Q13: toolsmart.pk LICOTA MADE IN TAIWAN 7 Drawer Cabinet Trolley without tools Rs 272,440 in stock (screenshot Hassan)
A14: 9 | B14: DOUBLE OPEN RING OFFSET WRENCH SET (12PCS) | C14: Licota | D14: 4 | E14: 18200 | F14: Licota | G14: 29600 | H14: 29600 | I14: =IF(E14=0,0,(E14-H14)/E14) -> -0.62637363 | J14: =IF(E14<G14,"LOSS",IF(E14<H14*1.1,"THIN / RISK",IF(E14>H14*1.8,"OVERPRICED?","OK"))) -> LOSS | K14: =IF(J14="OVERPRICED?",ROUND(H14*1.35,-1),MAX(E14,ROUND(H14*(1+$E$3),-1))) -> 34040 | L14: =D14*E14 -> 72800 | M14: =D14*K14 -> 136160 | N14: =D14*H14 -> 118400 | O14: =IF(ISNUMBER(SEARCH(C14,F14)),"","YES") | P14: S | Q14: toolsmart.pk Licota offset ring singles 8x10 1,230 / 14x15 2,060 / 24x26 3,420 / 30x32 4,240 -> 12pc 6-32 sum ~29,600 | R14: Spec/pack/stock farq - source dekho
A15: 10 | B15: DOUBLE OPEN END WRENCH 6 TO 32 (12 PCS SET) | C15: Licota | D15: 4 | E15: 15600 | F15: Harden | G15: 12630 | H15: 12630 | I15: =IF(E15=0,0,(E15-H15)/E15) -> 0.19038462 | J15: =IF(E15<G15,"LOSS",IF(E15<H15*1.1,"THIN / RISK",IF(E15>H15*1.8,"OVERPRICED?","OK"))) -> OK | K15: =IF(J15="OVERPRICED?",ROUND(H15*1.35,-1),MAX(E15,ROUND(H15*(1+$E$3),-1))) -> 15600 | L15: =D15*E15 -> 62400 | M15: =D15*K15 -> 62400 | N15: =D15*H15 -> 50520 | O15: =IF(ISNUMBER(SEARCH(C15,F15)),"","YES") -> YES | P15: V | Q15: toolsmart.pk Harden double open-end spanner 6-32mm 12pc Rs 12,630 (alt Ingco HKSPA2142 ingcotool 9,899)
A16: 11 | B16: DOUBLE OPEN END WRENCH 36X41 | C16: Licota | D16: 3 | E16: 3640 | F16: Licota | G16: 7430 | H16: 7430 | I16: =IF(E16=0,0,(E16-H16)/E16) -> -1.0412088 | J16: =IF(E16<G16,"LOSS",IF(E16<H16*1.1,"THIN / RISK",IF(E16>H16*1.8,"OVERPRICED?","OK"))) -> LOSS | K16: =IF(J16="OVERPRICED?",ROUND(H16*1.35,-1),MAX(E16,ROUND(H16*(1+$E$3),-1))) -> 8540 | L16: =D16*E16 -> 10920 | M16: =D16*K16 -> 25620 | N16: =D16*H16 -> 22290 | O16: =IF(ISNUMBER(SEARCH(C16,F16)),"","YES") | P16: V | Q16: toolsmart.pk Licota double open end 36x41 Rs 7,430
A17: 12 | B17: DOUBLE OPEN END WRENCH 41X46 | C17: Licota | D17: 3 | E17: 4550 | F17: Licota | G17: 12310 | H17: 12310 | I17: =IF(E17=0,0,(E17-H17)/E17) -> -1.7054945 | J17: =IF(E17<G17,"LOSS",IF(E17<H17*1.1,"THIN / RISK",IF(E17>H17*1.8,"OVERPRICED?","OK"))) -> LOSS | K17: =IF(J17="OVERPRICED?",ROUND(H17*1.35,-1),MAX(E17,ROUND(H17*(1+$E$3),-1))) -> 14160 | L17: =D17*E17 -> 13650 | M17: =D17*K17 -> 42480 | N17: =D17*H17 -> 36930 | O17: =IF(ISNUMBER(SEARCH(C17,F17)),"","YES") | P17: V | Q17: toolsmart.pk Licota double open end 41x46 Rs 12,310
A18: 13 | B18: COMBINATION WRENCH 8 TO 32 (14 PCS SET) | C18: Licota | D18: 4 | E18: 22100 | F18: Tolsen | G18: 11780 | H18: 11780 | I18: =IF(E18=0,0,(E18-H18)/E18) -> 0.46696833 | J18: =IF(E18<G18,"LOSS",IF(E18<H18*1.1,"THIN / RISK",IF(E18>H18*1.8,"OVERPRICED?","OK"))) -> OVERPRICED? | K18: =IF(J18="OVERPRICED?",ROUND(H18*1.35,-1),MAX(E18,ROUND(H18*(1+$E$3),-1))) -> 15900 | L18: =D18*E18 -> 88400 | M18: =D18*K18 -> 63600 | N18: =D18*H18 -> 47120 | O18: =IF(ISNUMBER(SEARCH(C18,F18)),"","YES") -> YES | P18: V | Q18: imsons.com.pk Tolsen 15889 combination spanner 6-32mm 14pc Rs 11,780; toolexpert.pk 7,500
A19: 14 | B19: SOCKET SET (113PCS) 1/4" & 1/2" | C19: Licota | D19: 4 | E19: 75400 | F19: Licota | G19: 67130 | H19: 67130 | I19: =IF(E19=0,0,(E19-H19)/E19) -> 0.1096817 | J19: =IF(E19<G19,"LOSS",IF(E19<H19*1.1,"THIN / RISK",IF(E19>H19*1.8,"OVERPRICED?","OK"))) -> OK | K19: =IF(J19="OVERPRICED?",ROUND(H19*1.35,-1),MAX(E19,ROUND(H19*(1+$E$3),-1))) -> 77200 | L19: =D19*E19 -> 301600 | M19: =D19*K19 -> 308800 | N19: =D19*H19 -> 268520 | O19: =IF(ISNUMBER(SEARCH(C19,F19)),"","YES") | P19: V | Q19: toolsmart Licota 120pc 56,890-67,130
A20: 15 | B20: PIN PUNCH SET (06PCS SET) | C20: Licota | D20: 4 | E20: 5850 | F20: Licota | G20: 5460 | H20: 5460 | I20: =IF(E20=0,0,(E20-H20)/E20) -> 0.066666667 | J20: =IF(E20<G20,"LOSS",IF(E20<H20*1.1,"THIN / RISK",IF(E20>H20*1.8,"OVERPRICED?","OK"))) -> THIN / RISK | K20: =IF(J20="OVERPRICED?",ROUND(H20*1.35,-1),MAX(E20,ROUND(H20*(1+$E$3),-1))) -> 6280 | L20: =D20*E20 -> 23400 | M20: =D20*K20 -> 25120 | N20: =D20*H20 -> 21840 | O20: =IF(ISNUMBER(SEARCH(C20,F20)),"","YES") | P20: V | Q20: toolsmart.pk Licota 6pc pin punch 5,460; ktools.pk 6,000 (oos)
A21: 16 | B21: HOLLOW PUNCH (3MM-25MM) (15PCS SET) | C21: Licota | D21: 4 | E21: 8450 | F21: Harden | G21: 4699 | H21: 4699 | I21: =IF(E21=0,0,(E21-H21)/E21) -> 0.44390533 | J21: =IF(E21<G21,"LOSS",IF(E21<H21*1.1,"THIN / RISK",IF(E21>H21*1.8,"OVERPRICED?","OK"))) -> OK | K21: =IF(J21="OVERPRICED?",ROUND(H21*1.35,-1),MAX(E21,ROUND(H21*(1+$E$3),-1))) -> 8450 | L21: =D21*E21 -> 33800 | M21: =D21*K21 -> 33800 | N21: =D21*H21 -> 18796 | O21: =IF(ISNUMBER(SEARCH(C21,F21)),"","YES") -> YES | P21: S | Q21: Harden 12pc hollow punch 3-16mm 610848: toolsmart 4,140; ingcotool 4,199-4,699; toolshop 4,399 | R21: Spec/pack/stock farq - source dekho
A22: 17 | B22: LONG TYPE HEX KEY WRENCH SET 09 PCS | C22: Licota | D22: 4 | E22: 2548 | F22: Licota | G22: 4400 | H22: 4400 | I22: =IF(E22=0,0,(E22-H22)/E22) -> -0.72684458 | J22: =IF(E22<G22,"LOSS",IF(E22<H22*1.1,"THIN / RISK",IF(E22>H22*1.8,"OVERPRICED?","OK"))) -> LOSS | K22: =IF(J22="OVERPRICED?",ROUND(H22*1.35,-1),MAX(E22,ROUND(H22*(1+$E$3),-1))) -> 5060 | L22: =D22*E22 -> 10192 | M22: =D22*K22 -> 20240 | N22: =D22*H22 -> 17600 | O22: =IF(ISNUMBER(SEARCH(C22,F22)),"","YES") | P22: V | Q22: toolsmart Licota 9pc long hex 4,400
A23: 18 | B23: SHORT TYPE HEX KEY WRENCH SET (09PCS) | C23: Licota | D23: 4 | E23: 1846 | F23: Licota | G23: 3540 | H23: 3540 | I23: =IF(E23=0,0,(E23-H23)/E23) -> -0.9176598 | J23: =IF(E23<G23,"LOSS",IF(E23<H23*1.1,"THIN / RISK",IF(E23>H23*1.8,"OVERPRICED?","OK"))) -> LOSS | K23: =IF(J23="OVERPRICED?",ROUND(H23*1.35,-1),MAX(E23,ROUND(H23*(1+$E$3),-1))) -> 4070 | L23: =D23*E23 -> 7384 | M23: =D23*K23 -> 16280 | N23: =D23*H23 -> 14160 | O23: =IF(ISNUMBER(SEARCH(C23,F23)),"","YES") | P23: V | Q23: toolsmart.pk Licota 9pc short type hex key set 1.5-10mm Rs 3,540
A24: 19 | B24: LONG TYPE HEX WRENCH SET 09 PCS | C24: Licota | D24: 4 | E24: 2548 | F24: Licota | G24: 4400 | H24: 4400 | I24: =IF(E24=0,0,(E24-H24)/E24) -> -0.72684458 | J24: =IF(E24<G24,"LOSS",IF(E24<H24*1.1,"THIN / RISK",IF(E24>H24*1.8,"OVERPRICED?","OK"))) -> LOSS | K24: =IF(J24="OVERPRICED?",ROUND(H24*1.35,-1),MAX(E24,ROUND(H24*(1+$E$3),-1))) -> 5060 | L24: =D24*E24 -> 10192 | M24: =D24*K24 -> 20240 | N24: =D24*H24 -> 17600 | O24: =IF(ISNUMBER(SEARCH(C24,F24)),"","YES") | P24: V | Q24: same as 17
A25: 20 | B25: ALLEN HEX KEY 12MM | C25: Licota | D25: 3 | E25: 910 | F25: Licota | G25: 1050 | H25: 1250 | I25: =IF(E25=0,0,(E25-H25)/E25) -> -0.37362637 | J25: =IF(E25<G25,"LOSS",IF(E25<H25*1.1,"THIN / RISK",IF(E25>H25*1.8,"OVERPRICED?","OK"))) -> LOSS | K25: =IF(J25="OVERPRICED?",ROUND(H25*1.35,-1),MAX(E25,ROUND(H25*(1+$E$3),-1))) -> 1440 | L25: =D25*E25 -> 2730 | M25: =D25*K25 -> 4320 | N25: =D25*H25 -> 3750 | O25: =IF(ISNUMBER(SEARCH(C25,F25)),"","YES") | P25: N | Q25: goldentools.ae Licota 12mm hex AED 250/20pc (12.5 ea) x90; Licota PK/UAE ratio ~90 (calibrated: locking plier 10in 4,000/AED42, 143pc 104,750/AED1,200, pin punch 5,460/AED48, hex 9pc 4,400/AED45) | R25: Online nahi mila - dealer quote chahiye.
A26: 21 | B26: ALLEN (HEX) KEY 14MM | C26: Licota | D26: 3 | E26: 1170 | F26: Licota | G26: 1350 | H26: 1600 | I26: =IF(E26=0,0,(E26-H26)/E26) -> -0.36752137 | J26: =IF(E26<G26,"LOSS",IF(E26<H26*1.1,"THIN / RISK",IF(E26>H26*1.8,"OVERPRICED?","OK"))) -> LOSS | K26: =IF(J26="OVERPRICED?",ROUND(H26*1.35,-1),MAX(E26,ROUND(H26*(1+$E$3),-1))) -> 1840 | L26: =D26*E26 -> 3510 | M26: =D26*K26 -> 5520 | N26: =D26*H26 -> 4800 | O26: =IF(ISNUMBER(SEARCH(C26,F26)),"","YES") | P26: N | Q26: goldentools.ae Licota hex 12mm scaled to 14mm x90 | R26: Online nahi mila - dealer quote chahiye.
A27: 22 | B27: ALLEN (HEX) KEY 16MM | C27: Licota | D27: 3 | E27: 1430 | F27: Licota | G27: 1700 | H27: 2000 | I27: =IF(E27=0,0,(E27-H27)/E27) -> -0.3986014 | J27: =IF(E27<G27,"LOSS",IF(E27<H27*1.1,"THIN / RISK",IF(E27>H27*1.8,"OVERPRICED?","OK"))) -> LOSS | K27: =IF(J27="OVERPRICED?",ROUND(H27*1.35,-1),MAX(E27,ROUND(H27*(1+$E$3),-1))) -> 2300 | L27: =D27*E27 -> 4290 | M27: =D27*K27 -> 6900 | N27: =D27*H27 -> 6000 | O27: =IF(ISNUMBER(SEARCH(C27,F27)),"","YES") | P27: N | Q27: goldentools.ae Licota hex 12mm scaled to 16mm x90 | R27: Online nahi mila - dealer quote chahiye.
A28: 23 | B28: CIRCLIP PLIER INTERNAL STRAIGHT 175MM | C28: Licota | D28: 4 | E28: 4940 | F28: Licota | G28: 3438 | H28: 3438 | I28: =IF(E28=0,0,(E28-H28)/E28) -> 0.30404858 | J28: =IF(E28<G28,"LOSS",IF(E28<H28*1.1,"THIN / RISK",IF(E28>H28*1.8,"OVERPRICED?","OK"))) -> OK | K28: =IF(J28="OVERPRICED?",ROUND(H28*1.35,-1),MAX(E28,ROUND(H28*(1+$E$3),-1))) -> 4940 | L28: =D28*E28 -> 19760 | M28: =D28*K28 -> 19760 | N28: =D28*H28 -> 13752 | O28: =IF(ISNUMBER(SEARCH(C28,F28)),"","YES") | P28: V | Q28: toolsmart.pk Licota 4pc snap ring set 175mm Rs 13,750 (=3,438/pc)
A29: 24 | B29: CIRCLIP PLIER INTERNAL BENT 175MM | C29: Licota | D29: 4 | E29: 4940 | F29: Licota | G29: 3438 | H29: 3438 | I29: =IF(E29=0,0,(E29-H29)/E29) -> 0.30404858 | J29: =IF(E29<G29,"LOSS",IF(E29<H29*1.1,"THIN / RISK",IF(E29>H29*1.8,"OVERPRICED?","OK"))) -> OK | K29: =IF(J29="OVERPRICED?",ROUND(H29*1.35,-1),MAX(E29,ROUND(H29*(1+$E$3),-1))) -> 4940 | L29: =D29*E29 -> 19760 | M29: =D29*K29 -> 19760 | N29: =D29*H29 -> 13752 | O29: =IF(ISNUMBER(SEARCH(C29,F29)),"","YES") | P29: V | Q29: toolsmart.pk Licota 4pc snap ring set 175mm Rs 13,750 (=3,438/pc)
A30: 25 | B30: CIRCLIP PLIER EXTERNAL STRAIGHT 175MM | C30: Licota | D30: 4 | E30: 4940 | F30: Licota | G30: 3438 | H30: 3438 | I30: =IF(E30=0,0,(E30-H30)/E30) -> 0.30404858 | J30: =IF(E30<G30,"LOSS",IF(E30<H30*1.1,"THIN / RISK",IF(E30>H30*1.8,"OVERPRICED?","OK"))) -> OK | K30: =IF(J30="OVERPRICED?",ROUND(H30*1.35,-1),MAX(E30,ROUND(H30*(1+$E$3),-1))) -> 4940 | L30: =D30*E30 -> 19760 | M30: =D30*K30 -> 19760 | N30: =D30*H30 -> 13752 | O30: =IF(ISNUMBER(SEARCH(C30,F30)),"","YES") | P30: V | Q30: toolsmart.pk Licota 4pc snap ring set 175mm Rs 13,750 (=3,438/pc)
A31: 26 | B31: CIRCLIP PLIER EXTERNAL BENT 175MM | C31: Licota | D31: 4 | E31: 4940 | F31: Licota | G31: 3438 | H31: 3438 | I31: =IF(E31=0,0,(E31-H31)/E31) -> 0.30404858 | J31: =IF(E31<G31,"LOSS",IF(E31<H31*1.1,"THIN / RISK",IF(E31>H31*1.8,"OVERPRICED?","OK"))) -> OK | K31: =IF(J31="OVERPRICED?",ROUND(H31*1.35,-1),MAX(E31,ROUND(H31*(1+$E$3),-1))) -> 4940 | L31: =D31*E31 -> 19760 | M31: =D31*K31 -> 19760 | N31: =D31*H31 -> 13752 | O31: =IF(ISNUMBER(SEARCH(C31,F31)),"","YES") | P31: V | Q31: toolsmart.pk Licota 4pc snap ring set 175mm Rs 13,750 (=3,438/pc)
A32: 27 | B32: CIRCLIP PLIER INTERNAL STRAIGHT 230MM | C32: Licota | D32: 4 | E32: 6760 | F32: Licota | G32: 4300 | H32: 4800 | I32: =IF(E32=0,0,(E32-H32)/E32) -> 0.28994083 | J32: =IF(E32<G32,"LOSS",IF(E32<H32*1.1,"THIN / RISK",IF(E32>H32*1.8,"OVERPRICED?","OK"))) -> OK | K32: =IF(J32="OVERPRICED?",ROUND(H32*1.35,-1),MAX(E32,ROUND(H32*(1+$E$3),-1))) -> 6760 | L32: =D32*E32 -> 27040 | M32: =D32*K32 -> 27040 | N32: =D32*H32 -> 19200 | O32: =IF(ISNUMBER(SEARCH(C32,F32)),"","YES") | P32: N | Q32: goldentools.ae Licota snap ring set 4pc 175mm AED 212.5; toolsmart.pk same set 13,750 (3,438/pc) -> 230mm +30% | R32: Online nahi mila - dealer quote chahiye. 230mm circlip
A33: 28 | B33: CIRCLIP PLIER EXTERNAL STRAIGHT 230MM | C33: Licota | D33: 3 | E33: 6760 | F33: Licota | G33: 4300 | H33: 4800 | I33: =IF(E33=0,0,(E33-H33)/E33) -> 0.28994083 | J33: =IF(E33<G33,"LOSS",IF(E33<H33*1.1,"THIN / RISK",IF(E33>H33*1.8,"OVERPRICED?","OK"))) -> OK | K33: =IF(J33="OVERPRICED?",ROUND(H33*1.35,-1),MAX(E33,ROUND(H33*(1+$E$3),-1))) -> 6760 | L33: =D33*E33 -> 20280 | M33: =D33*K33 -> 20280 | N33: =D33*H33 -> 14400 | O33: =IF(ISNUMBER(SEARCH(C33,F33)),"","YES") | P33: N | Q33: goldentools.ae Licota snap ring set 4pc 175mm AED 212.5; toolsmart.pk same set 13,750 (3,438/pc) -> 230mm +30% | R33: Online nahi mila - dealer quote chahiye. 230mm circlip
A34: 30 | B34: CHISEL SET (05 PCS SET) | C34: Licota | D34: 4 | E34: 6136 | F34: Licota | G34: 4720 | H34: 4720 | I34: =IF(E34=0,0,(E34-H34)/E34) -> 0.23076923 | J34: =IF(E34<G34,"LOSS",IF(E34<H34*1.1,"THIN / RISK",IF(E34>H34*1.8,"OVERPRICED?","OK"))) -> OK | K34: =IF(J34="OVERPRICED?",ROUND(H34*1.35,-1),MAX(E34,ROUND(H34*(1+$E$3),-1))) -> 6136 | L34: =D34*E34 -> 24544 | M34: =D34*K34 -> 24544 | N34: =D34*H34 -> 18880 | O34: =IF(ISNUMBER(SEARCH(C34,F34)),"","YES") | P34: V | Q34: toolsmart Licota 5pc punch chisel 4,000-4,720
A35: 31 | B35: PIPE WRENCH SIZE 10" | C35: Licota | D35: 3 | E35: 2210 | F35: Total | G35: 1700 | H35: 1700 | I35: =IF(E35=0,0,(E35-H35)/E35) -> 0.23076923 | J35: =IF(E35<G35,"LOSS",IF(E35<H35*1.1,"THIN / RISK",IF(E35>H35*1.8,"OVERPRICED?","OK"))) -> OK | K35: =IF(J35="OVERPRICED?",ROUND(H35*1.35,-1),MAX(E35,ROUND(H35*(1+$E$3),-1))) -> 2210 | L35: =D35*E35 -> 6630 | M35: =D35*K35 -> 6630 | N35: =D35*H35 -> 5100 | O35: =IF(ISNUMBER(SEARCH(C35,F35)),"","YES") -> YES | P35: V | Q35: toolsmart.pk Total pipe wrench 10in Rs 1,700; totaltool.pk 1,400
A36: 32 | B36: PIPE WRENCH SIZE 12" | C36: Licota | D36: 3 | E36: 2886 | F36: Harden | G36: 2850 | H36: 2850 | I36: =IF(E36=0,0,(E36-H36)/E36) -> 0.012474012 | J36: =IF(E36<G36,"LOSS",IF(E36<H36*1.1,"THIN / RISK",IF(E36>H36*1.8,"OVERPRICED?","OK"))) -> THIN / RISK | K36: =IF(J36="OVERPRICED?",ROUND(H36*1.35,-1),MAX(E36,ROUND(H36*(1+$E$3),-1))) -> 3280 | L36: =D36*E36 -> 8658 | M36: =D36*K36 -> 9840 | N36: =D36*H36 -> 8550 | O36: =IF(ISNUMBER(SEARCH(C36,F36)),"","YES") -> YES | P36: V | Q36: toolsmart.pk Harden heavy duty pipe wrench 12in Rs 2,850
A37: 33 | B37: PIPE WRENCH SIZE 18" | C37: Licota | D37: 3 | E37: 5902 | F37: Licota | G37: 9620 | H37: 9620 | I37: =IF(E37=0,0,(E37-H37)/E37) -> -0.62995595 | J37: =IF(E37<G37,"LOSS",IF(E37<H37*1.1,"THIN / RISK",IF(E37>H37*1.8,"OVERPRICED?","OK"))) -> LOSS | K37: =IF(J37="OVERPRICED?",ROUND(H37*1.35,-1),MAX(E37,ROUND(H37*(1+$E$3),-1))) -> 11060 | L37: =D37*E37 -> 17706 | M37: =D37*K37 -> 33180 | N37: =D37*H37 -> 28860 | O37: =IF(ISNUMBER(SEARCH(C37,F37)),"","YES") | P37: V | Q37: toolsmart Licota 18in pipe wrench 9,620
A38: 34 | B38: PIPE WRENCH SIZE 24" | C38: Licota | D38: 2 | E38: 6120 | F38: Harden | G38: 6560 | H38: 6560 | I38: =IF(E38=0,0,(E38-H38)/E38) -> -0.071895425 | J38: =IF(E38<G38,"LOSS",IF(E38<H38*1.1,"THIN / RISK",IF(E38>H38*1.8,"OVERPRICED?","OK"))) -> LOSS | K38: =IF(J38="OVERPRICED?",ROUND(H38*1.35,-1),MAX(E38,ROUND(H38*(1+$E$3),-1))) -> 7540 | L38: =D38*E38 -> 12240 | M38: =D38*K38 -> 15080 | N38: =D38*H38 -> 13120 | O38: =IF(ISNUMBER(SEARCH(C38,F38)),"","YES") -> YES | P38: V | Q38: toolsmart.pk Harden pipe wrench 24in Rs 6,560
A39: 35 | B39: PIPE WRENCH SIZE 36" | C39: Licota | D39: 2 | E39: 12870 | F39: Total | G39: 7900 | H39: 7900 | I39: =IF(E39=0,0,(E39-H39)/E39) -> 0.38616939 | J39: =IF(E39<G39,"LOSS",IF(E39<H39*1.1,"THIN / RISK",IF(E39>H39*1.8,"OVERPRICED?","OK"))) -> OK | K39: =IF(J39="OVERPRICED?",ROUND(H39*1.35,-1),MAX(E39,ROUND(H39*(1+$E$3),-1))) -> 12870 | L39: =D39*E39 -> 25740 | M39: =D39*K39 -> 25740 | N39: =D39*H39 -> 15800 | O39: =IF(ISNUMBER(SEARCH(C39,F39)),"","YES") -> YES | P39: V | Q39: totaltool.pk Total pipe wrench 36in THT171366 Rs 7,900 (alt Wiseup toolshub 6,300)
A40: 36 | B40: SLEDGE HAMMER 1 LBS WITH FIBREGLASS HANDLE | C40: Licota | D40: 3 | E40: 1950 | F40: Total | G40: 2000 | H40: 2000 | I40: =IF(E40=0,0,(E40-H40)/E40) -> -0.025641026 | J40: =IF(E40<G40,"LOSS",IF(E40<H40*1.1,"THIN / RISK",IF(E40>H40*1.8,"OVERPRICED?","OK"))) -> LOSS | K40: =IF(J40="OVERPRICED?",ROUND(H40*1.35,-1),MAX(E40,ROUND(H40*(1+$E$3),-1))) -> 2300 | L40: =D40*E40 -> 5850 | M40: =D40*K40 -> 6900 | N40: =D40*H40 -> 6000 | O40: =IF(ISNUMBER(SEARCH(C40,F40)),"","YES") -> YES | P40: S | Q40: toolsmart.pk Total sledge 2lb THT79026 Rs 2,000; purchaser 1,820 (1lb nahi mila) | R40: Spec/pack/stock farq - source dekho
A41: 37 | B41: SLEDGE HAMMER 3 LBS WITH FIBREGLASS HANDLE | C41: Licota | D41: 3 | E41: 4550 | F41: Harden | G41: 3380 | H41: 3380 | I41: =IF(E41=0,0,(E41-H41)/E41) -> 0.25714286 | J41: =IF(E41<G41,"LOSS",IF(E41<H41*1.1,"THIN / RISK",IF(E41>H41*1.8,"OVERPRICED?","OK"))) -> OK | K41: =IF(J41="OVERPRICED?",ROUND(H41*1.35,-1),MAX(E41,ROUND(H41*(1+$E$3),-1))) -> 4550 | L41: =D41*E41 -> 13650 | M41: =D41*K41 -> 13650 | N41: =D41*H41 -> 10140 | O41: =IF(ISNUMBER(SEARCH(C41,F41)),"","YES") -> YES | P41: V | Q41: toolsmart.pk Harden 3lb sledge fibreglass 590323 Rs 3,380
A42: 38 | B42: SOFT FACE DEAD BLOW HAMMER 50MM | C42: Licota | D42: 3 | E42: 6240 | F42: Harden | G42: 2450 | H42: 2450 | I42: =IF(E42=0,0,(E42-H42)/E42) -> 0.60737179 | J42: =IF(E42<G42,"LOSS",IF(E42<H42*1.1,"THIN / RISK",IF(E42>H42*1.8,"OVERPRICED?","OK"))) -> OVERPRICED? | K42: =IF(J42="OVERPRICED?",ROUND(H42*1.35,-1),MAX(E42,ROUND(H42*(1+$E$3),-1))) -> 3310 | L42: =D42*E42 -> 18720 | M42: =D42*K42 -> 9930 | N42: =D42*H42 -> 7350 | O42: =IF(ISNUMBER(SEARCH(C42,F42)),"","YES") -> YES | P42: V | Q42: pakistanpowertools.com Harden dead blow mallet 590445 Rs 1,987-2,450
A43: 39 | B43: VICE GRIP PLIER 08" | C43: Licota | D43: 3 | E43: 1950 | F43: Licota | G43: 4000 | H43: 4000 | I43: =IF(E43=0,0,(E43-H43)/E43) -> -1.0512821 | J43: =IF(E43<G43,"LOSS",IF(E43<H43*1.1,"THIN / RISK",IF(E43>H43*1.8,"OVERPRICED?","OK"))) -> LOSS | K43: =IF(J43="OVERPRICED?",ROUND(H43*1.35,-1),MAX(E43,ROUND(H43*(1+$E$3),-1))) -> 4600 | L43: =D43*E43 -> 5850 | M43: =D43*K43 -> 13800 | N43: =D43*H43 -> 12000 | O43: =IF(ISNUMBER(SEARCH(C43,F43)),"","YES") | P43: S | Q43: toolsmart.pk Licota curved jaw locking plier 10in Rs 4,000 / 7in Rs 3,730 (8in n/a) | R43: Spec/pack/stock farq - source dekho
A44: 40 | B44: CORDLESS IMPACT WRENCH 185NM (Bosch) | C44: Bosch Professional | D44: 3 | E44: 79300 | F44: Bosch Professional | G44: 79000 | H44: 79000 | I44: =IF(E44=0,0,(E44-H44)/E44) -> 0.0037831021 | J44: =IF(E44<G44,"LOSS",IF(E44<H44*1.1,"THIN / RISK",IF(E44>H44*1.8,"OVERPRICED?","OK"))) -> THIN / RISK | K44: =IF(J44="OVERPRICED?",ROUND(H44*1.35,-1),MAX(E44,ROUND(H44*(1+$E$3),-1))) -> 90850 | L44: =D44*E44 -> 237900 | M44: =D44*K44 -> 272550 | N44: =D44*H44 -> 237000 | O44: =IF(ISNUMBER(SEARCH(C44,F44)),"","YES") | P44: V | Q44: ktools GDX 180-Li 45,000 solo / 79,000 kit; kamadi 75,200
A45: 41 | B45: CORDLESS IMPACT WRENCH 350N (Bosch) | C45: Bosch Professional | D45: 3 | E45: 128700 | F45: Bosch Professional GDS 18V-350 | G45: 80000 | H45: 100000 | I45: =IF(E45=0,0,(E45-H45)/E45) -> 0.22299922 | J45: =IF(E45<G45,"LOSS",IF(E45<H45*1.1,"THIN / RISK",IF(E45>H45*1.8,"OVERPRICED?","OK"))) -> OK | K45: =IF(J45="OVERPRICED?",ROUND(H45*1.35,-1),MAX(E45,ROUND(H45*(1+$E$3),-1))) -> 128700 | L45: =D45*E45 -> 386100 | M45: =D45*K45 -> 386100 | N45: =D45*H45 -> 300000 | O45: =IF(ISNUMBER(SEARCH(C45,F45)),"","YES") | P45: N | Q45: bosch-pt.com.ph GDS 18V-350 bare PHP 5,915 x~5.6 (calibrated: GDS 18V-1000 PH 12,600 vs PK solo 70,000) + 2x4Ah battery & charger | R45: Online nahi mila - dealer quote chahiye. GDS 18V-350
A46: 42 | B46: CORDLESS IMPACT WRENCH 1000N (Bosch) | C46: Bosch Professional | D46: 2 | E46: 106600 | F46: Bosch Professional | G46: 143800 | H46: 143800 | I46: =IF(E46=0,0,(E46-H46)/E46) -> -0.34896811 | J46: =IF(E46<G46,"LOSS",IF(E46<H46*1.1,"THIN / RISK",IF(E46>H46*1.8,"OVERPRICED?","OK"))) -> LOSS | K46: =IF(J46="OVERPRICED?",ROUND(H46*1.35,-1),MAX(E46,ROUND(H46*(1+$E$3),-1))) -> 165370 | L46: =D46*E46 -> 213200 | M46: =D46*K46 -> 330740 | N46: =D46*H46 -> 287600 | O46: =IF(ISNUMBER(SEARCH(C46,F46)),"","YES") | P46: V | Q46: kamadi GDS 18V-1000 kit 143,800; ktools solo 70,000 (oos)
A47: 43 | B47: HEX IMPACT ADAPTOR 1/2" FEMALE TO 1/4" FEMALE | C47: Licota | D47: 4 | E47: 1560 | F47: Licota | G47: 1300 | H47: 1600 | I47: =IF(E47=0,0,(E47-H47)/E47) -> -0.025641026 | J47: =IF(E47<G47,"LOSS",IF(E47<H47*1.1,"THIN / RISK",IF(E47>H47*1.8,"OVERPRICED?","OK"))) -> THIN / RISK | K47: =IF(J47="OVERPRICED?",ROUND(H47*1.35,-1),MAX(E47,ROUND(H47*(1+$E$3),-1))) -> 1840 | L47: =D47*E47 -> 6240 | M47: =D47*K47 -> 7360 | N47: =D47*H47 -> 6400 | O47: =IF(ISNUMBER(SEARCH(C47,F47)),"","YES") | P47: N | Q47: toolsmart.pk Licota impact adapter 3/8F x 1/2M 1,130 (similar) | R47: Online nahi mila - dealer quote chahiye.
A48: 44 | B48: FLAT FILE 12" | C48: Licota | D48: 4 | E48: 1950 | F48: Yato | G48: 1750 | H48: 1750 | I48: =IF(E48=0,0,(E48-H48)/E48) -> 0.1025641 | J48: =IF(E48<G48,"LOSS",IF(E48<H48*1.1,"THIN / RISK",IF(E48>H48*1.8,"OVERPRICED?","OK"))) -> OK | K48: =IF(J48="OVERPRICED?",ROUND(H48*1.35,-1),MAX(E48,ROUND(H48*(1+$E$3),-1))) -> 2010 | L48: =D48*E48 -> 7800 | M48: =D48*K48 -> 8040 | N48: =D48*H48 -> 7000 | O48: =IF(ISNUMBER(SEARCH(C48,F48)),"","YES") -> YES | P48: V | Q48: zeeshanhardware Yato YT-6190 12in 1,750
A49: 45 | B49: ROUNDE FILE 12" | C49: Licota | D49: 4 | E49: 2210 | F49: Yato | G49: 1750 | H49: 2000 | I49: =IF(E49=0,0,(E49-H49)/E49) -> 0.095022624 | J49: =IF(E49<G49,"LOSS",IF(E49<H49*1.1,"THIN / RISK",IF(E49>H49*1.8,"OVERPRICED?","OK"))) -> OK | K49: =IF(J49="OVERPRICED?",ROUND(H49*1.35,-1),MAX(E49,ROUND(H49*(1+$E$3),-1))) -> 2300 | L49: =D49*E49 -> 8840 | M49: =D49*K49 -> 9200 | N49: =D49*H49 -> 8000 | O49: =IF(ISNUMBER(SEARCH(C49,F49)),"","YES") -> YES | P49: N | Q49: zeeshanhardware Yato 12in file 1,750 (flat; round similar) | R49: Online nahi mila - dealer quote chahiye. Yato round file
A50: 47 | B50: UNIVERSAL PULLER 2-ARMED WITH HOOK BRAKE 21 | C50: Licota | D50: 3 | E50: 13000 | F50: Licota | G50: 15000 | H50: 20000 | I50: =IF(E50=0,0,(E50-H50)/E50) -> -0.53846154 | J50: =IF(E50<G50,"LOSS",IF(E50<H50*1.1,"THIN / RISK",IF(E50>H50*1.8,"OVERPRICED?","OK"))) -> LOSS | K50: =IF(J50="OVERPRICED?",ROUND(H50*1.35,-1),MAX(E50,ROUND(H50*(1+$E$3),-1))) -> 23000 | L50: =D50*E50 -> 39000 | M50: =D50*K50 -> 69000 | N50: =D50*H50 -> 60000 | O50: =IF(ISNUMBER(SEARCH(C50,F50)),"","YES") | P50: N | Q50: goldentools.ae Licota 3-jaw 6in AED 120 / 4in AED 65 scaled x90 | R50: Online nahi mila - dealer quote chahiye.
A51: 48 | B51: UNIVERSAL PULLER 2-ARMED WITH HOOK BRAK 250 | C51: Licota | D51: 2 | E51: 15600 | F51: Licota | G51: 20000 | H51: 26000 | I51: =IF(E51=0,0,(E51-H51)/E51) -> -0.66666667 | J51: =IF(E51<G51,"LOSS",IF(E51<H51*1.1,"THIN / RISK",IF(E51>H51*1.8,"OVERPRICED?","OK"))) -> LOSS | K51: =IF(J51="OVERPRICED?",ROUND(H51*1.35,-1),MAX(E51,ROUND(H51*(1+$E$3),-1))) -> 29900 | L51: =D51*E51 -> 31200 | M51: =D51*K51 -> 59800 | N51: =D51*H51 -> 52000 | O51: =IF(ISNUMBER(SEARCH(C51,F51)),"","YES") | P51: N | Q51: goldentools.ae Licota puller AED 120 (6in) scaled to 250mm x90 | R51: Online nahi mila - dealer quote chahiye.
A52: 49 | B52: UNIVERSAL PULLER 2-ARMED 160 X 300 MM 5T | C52: Licota | D52: 1 | E52: 20800 | F52: Licota | G52: 24000 | H52: 30000 | I52: =IF(E52=0,0,(E52-H52)/E52) -> -0.44230769 | J52: =IF(E52<G52,"LOSS",IF(E52<H52*1.1,"THIN / RISK",IF(E52>H52*1.8,"OVERPRICED?","OK"))) -> LOSS | K52: =IF(J52="OVERPRICED?",ROUND(H52*1.35,-1),MAX(E52,ROUND(H52*(1+$E$3),-1))) -> 34500 | L52: =D52*E52 -> 20800 | M52: =D52*K52 -> 34500 | N52: =D52*H52 -> 30000 | O52: =IF(ISNUMBER(SEARCH(C52,F52)),"","YES") | P52: N | Q52: goldentools.ae Licota puller scaled to 160x300 5T x90 | R52: Online nahi mila - dealer quote chahiye.
A53: 50 | B53: UNIVERSAL PULLER 2-ARMED 250 X 300 MM 7.5T | C53: Licota | D53: 1 | E53: 28600 | F53: Licota | G53: 32000 | H53: 40000 | I53: =IF(E53=0,0,(E53-H53)/E53) -> -0.3986014 | J53: =IF(E53<G53,"LOSS",IF(E53<H53*1.1,"THIN / RISK",IF(E53>H53*1.8,"OVERPRICED?","OK"))) -> LOSS | K53: =IF(J53="OVERPRICED?",ROUND(H53*1.35,-1),MAX(E53,ROUND(H53*(1+$E$3),-1))) -> 46000 | L53: =D53*E53 -> 28600 | M53: =D53*K53 -> 46000 | N53: =D53*H53 -> 40000 | O53: =IF(ISNUMBER(SEARCH(C53,F53)),"","YES") | P53: N | Q53: goldentools.ae Licota puller scaled to 250x300 7.5T x90 | R53: Online nahi mila - dealer quote chahiye.
A54: 51 | B54: INTERNAL EXTRACTOR WITH REINFORCED COLLAR | C54: Licota | D54: 1 | E54: 32500 | F54: Licota | G54: 32000 | H54: 42000 | I54: =IF(E54=0,0,(E54-H54)/E54) -> -0.29230769 | J54: =IF(E54<G54,"LOSS",IF(E54<H54*1.1,"THIN / RISK",IF(E54>H54*1.8,"OVERPRICED?","OK"))) -> THIN / RISK | K54: =IF(J54="OVERPRICED?",ROUND(H54*1.35,-1),MAX(E54,ROUND(H54*(1+$E$3),-1))) -> 48300 | L54: =D54*E54 -> 32500 | M54: =D54*K54 -> 48300 | N54: =D54*H54 -> 42000 | O54: =IF(ISNUMBER(SEARCH(C54,F54)),"","YES") | P54: N | Q54: Licota internal extractor (ATB-1208 class) est x90 | R54: Online nahi mila - dealer quote chahiye.
A55: 52 | B55: MECHANICAL PULLER 3 ARMED 200X200 | C55: Licota | D55: 2 | E55: 18200 | F55: Yato | G55: 8500 | H55: 8500 | I55: =IF(E55=0,0,(E55-H55)/E55) -> 0.53296703 | J55: =IF(E55<G55,"LOSS",IF(E55<H55*1.1,"THIN / RISK",IF(E55>H55*1.8,"OVERPRICED?","OK"))) -> OVERPRICED? | K55: =IF(J55="OVERPRICED?",ROUND(H55*1.35,-1),MAX(E55,ROUND(H55*(1+$E$3),-1))) -> 11480 | L55: =D55*E55 -> 36400 | M55: =D55*K55 -> 22960 | N55: =D55*H55 -> 17000 | O55: =IF(ISNUMBER(SEARCH(C55,F55)),"","YES") -> YES | P55: V | Q55: zeeshanhardware.pk Yato YT-2522 bearing puller 8in Rs 8,500
A56: 53 | B56: MECHANICAL PULLER 3 ARMED 250X250 | C56: Licota | D56: 1 | E56: 23400 | F56: Yato | G56: 19030 | H56: 19030 | I56: =IF(E56=0,0,(E56-H56)/E56) -> 0.18675214 | J56: =IF(E56<G56,"LOSS",IF(E56<H56*1.1,"THIN / RISK",IF(E56>H56*1.8,"OVERPRICED?","OK"))) -> OK | K56: =IF(J56="OVERPRICED?",ROUND(H56*1.35,-1),MAX(E56,ROUND(H56*(1+$E$3),-1))) -> 23400 | L56: =D56*E56 -> 23400 | M56: =D56*K56 -> 23400 | N56: =D56*H56 -> 19030 | O56: =IF(ISNUMBER(SEARCH(C56,F56)),"","YES") -> YES | P56: V | Q56: imartpk.com Yato 3 arms jaw puller 12in Rs 19,030
A57: 54 | B57: DRILL MACHINE CORDLESS ROTARY HAMMER Bosch | C57: Bosch Professional | D57: 2 | E57: 400946 | F57: Bosch Professional | G57: 115000 | H57: 115000 | I57: =IF(E57=0,0,(E57-H57)/E57) -> 0.71317833 | J57: =IF(E57<G57,"LOSS",IF(E57<H57*1.1,"THIN / RISK",IF(E57>H57*1.8,"OVERPRICED?","OK"))) -> OVERPRICED? | K57: =IF(J57="OVERPRICED?",ROUND(H57*1.35,-1),MAX(E57,ROUND(H57*(1+$E$3),-1))) -> 155250 | L57: =D57*E57 -> 801892 | M57: =D57*K57 -> 310500 | N57: =D57*H57 -> 230000 | O57: =IF(ISNUMBER(SEARCH(C57,F57)),"","YES") | P57: V | Q57: ktools GBH 180-Li 49,000 solo / 115,000 kit
A58: 55 | B58: MANUAL GREASE GUN 5KG | C58: Licota | D58: 2 | E58: 15600 | F58: Yato / Industrial (bucket type) | G58: 12000 | H58: 18000 | I58: =IF(E58=0,0,(E58-H58)/E58) -> -0.15384615 | J58: =IF(E58<G58,"LOSS",IF(E58<H58*1.1,"THIN / RISK",IF(E58>H58*1.8,"OVERPRICED?","OK"))) -> THIN / RISK | K58: =IF(J58="OVERPRICED?",ROUND(H58*1.35,-1),MAX(E58,ROUND(H58*(1+$E$3),-1))) -> 20700 | L58: =D58*E58 -> 31200 | M58: =D58*K58 -> 41400 | N58: =D58*H58 -> 36000 | O58: =IF(ISNUMBER(SEARCH(C58,F58)),"","YES") -> YES | P58: N | Q58: Market | R58: Online nahi mila - dealer quote chahiye. 5kg bucket grease pump
A59: 56 | B59: AIR GREASE GUN 500CC | C59: Licota | D59: 1 | E59: 10400 | F59: Licota | G59: 10000 | H59: 13000 | I59: =IF(E59=0,0,(E59-H59)/E59) -> -0.25 | J59: =IF(E59<G59,"LOSS",IF(E59<H59*1.1,"THIN / RISK",IF(E59>H59*1.8,"OVERPRICED?","OK"))) -> THIN / RISK | K59: =IF(J59="OVERPRICED?",ROUND(H59*1.35,-1),MAX(E59,ROUND(H59*(1+$E$3),-1))) -> 14950 | L59: =D59*E59 -> 10400 | M59: =D59*K59 -> 14950 | N59: =D59*H59 -> 13000 | O59: =IF(ISNUMBER(SEARCH(C59,F59)),"","YES") | P59: N | Q59: goldentools.ae Licota hand grease gun AGH-10004H AED 120 (=toolsmart 7,760) -> air gun ~1.5x | R59: Online nahi mila - dealer quote chahiye. air grease gun
A60: 57 | B60: HAND GREASE GUN WITH HOSE 500CC | C60: Licota | D60: 4 | E60: 4550 | F60: Licota | G60: 7760 | H60: 7760 | I60: =IF(E60=0,0,(E60-H60)/E60) -> -0.70549451 | J60: =IF(E60<G60,"LOSS",IF(E60<H60*1.1,"THIN / RISK",IF(E60>H60*1.8,"OVERPRICED?","OK"))) -> LOSS | K60: =IF(J60="OVERPRICED?",ROUND(H60*1.35,-1),MAX(E60,ROUND(H60*(1+$E$3),-1))) -> 8920 | L60: =D60*E60 -> 18200 | M60: =D60*K60 -> 35680 | N60: =D60*H60 -> 31040 | O60: =IF(ISNUMBER(SEARCH(C60,F60)),"","YES") | P60: V | Q60: toolsmart Licota grease gun 400cc 7,760
A61: 58 | B61: GREASE PIPE 1/4"X12" | C61: Licota | D61: 12 | E61: 715 | F61: Licota | G61: 800 | H61: 1200 | I61: =IF(E61=0,0,(E61-H61)/E61) -> -0.67832168 | J61: =IF(E61<G61,"LOSS",IF(E61<H61*1.1,"THIN / RISK",IF(E61>H61*1.8,"OVERPRICED?","OK"))) -> LOSS | K61: =IF(J61="OVERPRICED?",ROUND(H61*1.35,-1),MAX(E61,ROUND(H61*(1+$E$3),-1))) -> 1380 | L61: =D61*E61 -> 8580 | M61: =D61*K61 -> 16560 | N61: =D61*H61 -> 14400 | O61: =IF(ISNUMBER(SEARCH(C61,F61)),"","YES") | P61: N | Q61: Market | R61: Online nahi mila - dealer quote chahiye.
A62: 59 | B62: DOUBLE HANDLE GREASE NOZZLE | C62: Licota | D62: 12 | E62: 1950 | F62: Licota | G62: 1200 | H62: 1800 | I62: =IF(E62=0,0,(E62-H62)/E62) -> 0.076923077 | J62: =IF(E62<G62,"LOSS",IF(E62<H62*1.1,"THIN / RISK",IF(E62>H62*1.8,"OVERPRICED?","OK"))) -> THIN / RISK | K62: =IF(J62="OVERPRICED?",ROUND(H62*1.35,-1),MAX(E62,ROUND(H62*(1+$E$3),-1))) -> 2070 | L62: =D62*E62 -> 23400 | M62: =D62*K62 -> 24840 | N62: =D62*H62 -> 21600 | O62: =IF(ISNUMBER(SEARCH(C62,F62)),"","YES") | P62: N | Q62: Market | R62: Online nahi mila - dealer quote chahiye.
A63: 60 | B63: STEEL MEASURMENT TAPE 100M | C63: Licota | D63: 2 | E63: 9100 | F63: Total | G63: 5250 | H63: 5250 | I63: =IF(E63=0,0,(E63-H63)/E63) -> 0.42307692 | J63: =IF(E63<G63,"LOSS",IF(E63<H63*1.1,"THIN / RISK",IF(E63>H63*1.8,"OVERPRICED?","OK"))) -> OK | K63: =IF(J63="OVERPRICED?",ROUND(H63*1.35,-1),MAX(E63,ROUND(H63*(1+$E$3),-1))) -> 9100 | L63: =D63*E63 -> 18200 | M63: =D63*K63 -> 18200 | N63: =D63*H63 -> 10500 | O63: =IF(ISNUMBER(SEARCH(C63,F63)),"","YES") -> YES | P63: S | Q63: toolsmart.pk Total fibreglass tape 100m TMTF131006 Rs 5,250 (steel 100m nahi mila) | R63: Spec/pack/stock farq - source dekho
A64: 61 | B64: STEEL MEASURMENT TAPE 50M | C64: Licota | D64: 2 | E64: 5850 | F64: Ingco | G64: 5920 | H64: 5920 | I64: =IF(E64=0,0,(E64-H64)/E64) -> -0.011965812 | J64: =IF(E64<G64,"LOSS",IF(E64<H64*1.1,"THIN / RISK",IF(E64>H64*1.8,"OVERPRICED?","OK"))) -> LOSS | K64: =IF(J64="OVERPRICED?",ROUND(H64*1.35,-1),MAX(E64,ROUND(H64*(1+$E$3),-1))) -> 6810 | L64: =D64*E64 -> 11700 | M64: =D64*K64 -> 13620 | N64: =D64*H64 -> 11840 | O64: =IF(ISNUMBER(SEARCH(C64,F64)),"","YES") -> YES | P64: V | Q64: toolsmart.pk Ingco 50m steel tape HSMT8550 Rs 5,920 (alt Total TMT710506 4,750)
A65: 62 | B65: ALIGNING PRY BAR DIA 5/8" X 18" LENGTH | C65: Licota | D65: 3 | E65: 2600 | F65: Ingco | G65: 3499 | H65: 3499 | I65: =IF(E65=0,0,(E65-H65)/E65) -> -0.34576923 | J65: =IF(E65<G65,"LOSS",IF(E65<H65*1.1,"THIN / RISK",IF(E65>H65*1.8,"OVERPRICED?","OK"))) -> LOSS | K65: =IF(J65="OVERPRICED?",ROUND(H65*1.35,-1),MAX(E65,ROUND(H65*(1+$E$3),-1))) -> 4020 | L65: =D65*E65 -> 7800 | M65: =D65*K65 -> 12060 | N65: =D65*H65 -> 10497 | O65: =IF(ISNUMBER(SEARCH(C65,F65)),"","YES") -> YES | P65: S | Q65: toolshop.pk Ingco crow wrecking bar HWBA01242 (24in) Rs 3,499 (18in nahi) | R65: Spec/pack/stock farq - source dekho
A66: 63 | B66: ADJUSTABLE WRENCH 15" | C66: Licota | D66: 1 | E66: 5551 | F66: Ingco | G66: 4630 | H66: 4630 | I66: =IF(E66=0,0,(E66-H66)/E66) -> 0.16591605 | J66: =IF(E66<G66,"LOSS",IF(E66<H66*1.1,"THIN / RISK",IF(E66>H66*1.8,"OVERPRICED?","OK"))) -> OK | K66: =IF(J66="OVERPRICED?",ROUND(H66*1.35,-1),MAX(E66,ROUND(H66*(1+$E$3),-1))) -> 5551 | L66: =D66*E66 -> 5551 | M66: =D66*K66 -> 5551 | N66: =D66*H66 -> 4630 | O66: =IF(ISNUMBER(SEARCH(C66,F66)),"","YES") -> YES | P66: V | Q66: toolsmart.pk Ingco 15in adjustable HADW131152 Rs 4,630 (alt Total 3,890)
A67: 64 | B67: ROUGH FILE SMOOTH 10" | C67: Licota | D67: 3 | E67: 1560 | F67: Yato | G67: 1350 | H67: 1350 | I67: =IF(E67=0,0,(E67-H67)/E67) -> 0.13461538 | J67: =IF(E67<G67,"LOSS",IF(E67<H67*1.1,"THIN / RISK",IF(E67>H67*1.8,"OVERPRICED?","OK"))) -> OK | K67: =IF(J67="OVERPRICED?",ROUND(H67*1.35,-1),MAX(E67,ROUND(H67*(1+$E$3),-1))) -> 1560 | L67: =D67*E67 -> 4680 | M67: =D67*K67 -> 4680 | N67: =D67*H67 -> 4050 | O67: =IF(ISNUMBER(SEARCH(C67,F67)),"","YES") -> YES | P67: V | Q67: zeeshanhardware Yato YT-6228 10in 1,350
A68: 65 | B68: POLISH FILE SMOOTH 10" | C68: Licota | D68: 3 | E68: 1560 | F68: Yato | G68: 1350 | H68: 1350 | I68: =IF(E68=0,0,(E68-H68)/E68) -> 0.13461538 | J68: =IF(E68<G68,"LOSS",IF(E68<H68*1.1,"THIN / RISK",IF(E68>H68*1.8,"OVERPRICED?","OK"))) -> OK | K68: =IF(J68="OVERPRICED?",ROUND(H68*1.35,-1),MAX(E68,ROUND(H68*(1+$E$3),-1))) -> 1560 | L68: =D68*E68 -> 4680 | M68: =D68*K68 -> 4680 | N68: =D68*H68 -> 4050 | O68: =IF(ISNUMBER(SEARCH(C68,F68)),"","YES") -> YES | P68: V | Q68: zeeshanhardware Yato YT-6228 10in 1,350
A69: 66 | B69: REVOLVING CENTRE MT4 | C69: Licota | D69: 2 | E69: 11700 | F69: Vertex (Taiwan) | G69: 14000 | H69: 18000 | I69: =IF(E69=0,0,(E69-H69)/E69) -> -0.53846154 | J69: =IF(E69<G69,"LOSS",IF(E69<H69*1.1,"THIN / RISK",IF(E69>H69*1.8,"OVERPRICED?","OK"))) -> LOSS | K69: =IF(J69="OVERPRICED?",ROUND(H69*1.35,-1),MAX(E69,ROUND(H69*(1+$E$3),-1))) -> 20700 | L69: =D69*E69 -> 23400 | M69: =D69*K69 -> 41400 | N69: =D69*H69 -> 36000 | O69: =IF(ISNUMBER(SEARCH(C69,F69)),"","YES") -> YES | P69: N | Q69: Market | R69: Online nahi mila - dealer quote chahiye.
A70: 67 | B70: REVOLVING CENTRE MT3 | C70: Licota | D70: 2 | E70: 9750 | F70: Vertex (Taiwan) | G70: 12000 | H70: 15000 | I70: =IF(E70=0,0,(E70-H70)/E70) -> -0.53846154 | J70: =IF(E70<G70,"LOSS",IF(E70<H70*1.1,"THIN / RISK",IF(E70>H70*1.8,"OVERPRICED?","OK"))) -> LOSS | K70: =IF(J70="OVERPRICED?",ROUND(H70*1.35,-1),MAX(E70,ROUND(H70*(1+$E$3),-1))) -> 17250 | L70: =D70*E70 -> 19500 | M70: =D70*K70 -> 34500 | N70: =D70*H70 -> 30000 | O70: =IF(ISNUMBER(SEARCH(C70,F70)),"","YES") -> YES | P70: N | Q70: Market | R70: Online nahi mila - dealer quote chahiye.
A71: 69 | B71: CIRCUMFERENCE TAPE (60-950) (D20-300) | C71: Licota | D71: 2 | E71: 23400 | F71: Insize | G71: 15000 | H71: 25000 | I71: =IF(E71=0,0,(E71-H71)/E71) -> -0.068376068 | J71: =IF(E71<G71,"LOSS",IF(E71<H71*1.1,"THIN / RISK",IF(E71>H71*1.8,"OVERPRICED?","OK"))) -> THIN / RISK | K71: =IF(J71="OVERPRICED?",ROUND(H71*1.35,-1),MAX(E71,ROUND(H71*(1+$E$3),-1))) -> 28750 | L71: =D71*E71 -> 46800 | M71: =D71*K71 -> 57500 | N71: =D71*H71 -> 50000 | O71: =IF(ISNUMBER(SEARCH(C71,F71)),"","YES") -> YES | P71: N | Q71: Market | R71: Online nahi mila - dealer quote chahiye.
A72: 70 | B72: CIRCUMFERENCE TAPE (940-2200) (D300-700) | C72: Licota | D72: 1 | E72: 32500 | F72: Insize | G72: 25000 | H72: 40000 | I72: =IF(E72=0,0,(E72-H72)/E72) -> -0.23076923 | J72: =IF(E72<G72,"LOSS",IF(E72<H72*1.1,"THIN / RISK",IF(E72>H72*1.8,"OVERPRICED?","OK"))) -> THIN / RISK | K72: =IF(J72="OVERPRICED?",ROUND(H72*1.35,-1),MAX(E72,ROUND(H72*(1+$E$3),-1))) -> 46000 | L72: =D72*E72 -> 32500 | M72: =D72*K72 -> 46000 | N72: =D72*H72 -> 40000 | O72: =IF(ISNUMBER(SEARCH(C72,F72)),"","YES") -> YES | P72: N | Q72: Market | R72: Online nahi mila - dealer quote chahiye.
A73: 71 | B73: MEASURING TAPE 5M | C73: Licota | D73: 1 | E73: 1105 | F73: Total | G73: 1000 | H73: 1000 | I73: =IF(E73=0,0,(E73-H73)/E73) -> 0.095022624 | J73: =IF(E73<G73,"LOSS",IF(E73<H73*1.1,"THIN / RISK",IF(E73>H73*1.8,"OVERPRICED?","OK"))) -> OK | K73: =IF(J73="OVERPRICED?",ROUND(H73*1.35,-1),MAX(E73,ROUND(H73*(1+$E$3),-1))) -> 1150 | L73: =D73*E73 -> 1105 | M73: =D73*K73 -> 1150 | N73: =D73*H73 -> 1000 | O73: =IF(ISNUMBER(SEARCH(C73,F73)),"","YES") -> YES | P73: V | Q73: toolsmart.pk Total steel tape 5m TMT126251 Rs 1,000; totaltool.pk 700-770
A74: 73 | B74: HSS COBALT DRILL SET 1-13MM 25 PCS | C74: Licota | D74: 1 | E74: 45500 | F74: Ingco | G74: 22185 | H74: 22185 | I74: =IF(E74=0,0,(E74-H74)/E74) -> 0.51241758 | J74: =IF(E74<G74,"LOSS",IF(E74<H74*1.1,"THIN / RISK",IF(E74>H74*1.8,"OVERPRICED?","OK"))) -> OVERPRICED? | K74: =IF(J74="OVERPRICED?",ROUND(H74*1.35,-1),MAX(E74,ROUND(H74*(1+$E$3),-1))) -> 29950 | L74: =D74*E74 -> 45500 | M74: =D74*K74 -> 29950 | N74: =D74*H74 -> 22185 | O74: =IF(ISNUMBER(SEARCH(C74,F74)),"","YES") -> YES | P74: S | Q74: pakistanpowertools.com Ingco AKD1251 25pc 1-13mm Rs 22,185; almirajtrading 15,968 (M2 HSS) | R74: Spec/pack/stock farq - source dekho
A75: 74 | B75: HSS DRILL BITS 1/16-1/2" 29 PCS SET | C75: Licota | D75: 2 | E75: 23400 | F75: Dormer A095 (A002 x29) | G75: 45000 | H75: 70000 | I75: =IF(E75=0,0,(E75-H75)/E75) -> -1.991453 | J75: =IF(E75<G75,"LOSS",IF(E75<H75*1.1,"THIN / RISK",IF(E75>H75*1.8,"OVERPRICED?","OK"))) -> LOSS | K75: =IF(J75="OVERPRICED?",ROUND(H75*1.35,-1),MAX(E75,ROUND(H75*(1+$E$3),-1))) -> 80500 | L75: =D75*E75 -> 46800 | M75: =D75*K75 -> 161000 | N75: =D75*H75 -> 140000 | O75: =IF(ISNUMBER(SEARCH(C75,F75)),"","YES") -> YES | P75: N | Q75: mrosupply Dormer A09518 29pc set (USD) scaled - PK listing n/a | R75: Online nahi mila - dealer quote chahiye. 29pc inch set
A76: 75 | B76: HSS DRILL BIT 14MM TAPER SHANK | C76: Licota | D76: 2 | E76: 1950 | F76: Dormer A130 | G76: 9790 | H76: 12730 | I76: =IF(E76=0,0,(E76-H76)/E76) -> -5.5282051 | J76: =IF(E76<G76,"LOSS",IF(E76<H76*1.1,"THIN / RISK",IF(E76>H76*1.8,"OVERPRICED?","OK"))) -> LOSS | K76: =IF(J76="OVERPRICED?",ROUND(H76*1.35,-1),MAX(E76,ROUND(H76*(1+$E$3),-1))) -> 14640 | L76: =D76*E76 -> 3900 | M76: =D76*K76 -> 29280 | N76: =D76*H76 -> 25460 | O76: =IF(ISNUMBER(SEARCH(C76,F76)),"","YES") -> YES | P76: N | Q76: Dormer A130 14mm: khmtools.com.ph PHP list x4.95 (+30% PK import); toolsmart.pk A130 range from 5,880 | R76: Online nahi mila - dealer quote chahiye.
A77: 76 | B77: HSS DRILL BIT 15MM TAPER SHANK | C77: Licota | D77: 2 | E77: 2080 | F77: Dormer A130 | G77: 11060 | H77: 14380 | I77: =IF(E77=0,0,(E77-H77)/E77) -> -5.9134615 | J77: =IF(E77<G77,"LOSS",IF(E77<H77*1.1,"THIN / RISK",IF(E77>H77*1.8,"OVERPRICED?","OK"))) -> LOSS | K77: =IF(J77="OVERPRICED?",ROUND(H77*1.35,-1),MAX(E77,ROUND(H77*(1+$E$3),-1))) -> 16540 | L77: =D77*E77 -> 4160 | M77: =D77*K77 -> 33080 | N77: =D77*H77 -> 28760 | O77: =IF(ISNUMBER(SEARCH(C77,F77)),"","YES") -> YES | P77: N | Q77: Dormer A130 15mm: khmtools.com.ph PHP list x4.95 (+30% PK import); toolsmart.pk A130 range from 5,880 | R77: Online nahi mila - dealer quote chahiye.
A78: 77 | B78: HSS DRILL BIT 15.5MM TAPER SHANK | C78: Licota | D78: 2 | E78: 2210 | F78: Dormer A130 | G78: 11700 | H78: 15210 | I78: =IF(E78=0,0,(E78-H78)/E78) -> -5.8823529 | J78: =IF(E78<G78,"LOSS",IF(E78<H78*1.1,"THIN / RISK",IF(E78>H78*1.8,"OVERPRICED?","OK"))) -> LOSS | K78: =IF(J78="OVERPRICED?",ROUND(H78*1.35,-1),MAX(E78,ROUND(H78*(1+$E$3),-1))) -> 17490 | L78: =D78*E78 -> 4420 | M78: =D78*K78 -> 34980 | N78: =D78*H78 -> 30420 | O78: =IF(ISNUMBER(SEARCH(C78,F78)),"","YES") -> YES | P78: N | Q78: Dormer A130 15.5mm: khmtools.com.ph PHP list x4.95 (+30% PK import); toolsmart.pk A130 range from 5,880 | R78: Online nahi mila - dealer quote chahiye.
A79: 78 | B79: HSS DRILL BIT 16MM TAPER SHANK | C79: Licota | D79: 2 | E79: 2340 | F79: Dormer A130 | G79: 12330 | H79: 16030 | I79: =IF(E79=0,0,(E79-H79)/E79) -> -5.8504274 | J79: =IF(E79<G79,"LOSS",IF(E79<H79*1.1,"THIN / RISK",IF(E79>H79*1.8,"OVERPRICED?","OK"))) -> LOSS | K79: =IF(J79="OVERPRICED?",ROUND(H79*1.35,-1),MAX(E79,ROUND(H79*(1+$E$3),-1))) -> 18430 | L79: =D79*E79 -> 4680 | M79: =D79*K79 -> 36860 | N79: =D79*H79 -> 32060 | O79: =IF(ISNUMBER(SEARCH(C79,F79)),"","YES") -> YES | P79: N | Q79: Dormer A130 16mm: khmtools.com.ph PHP list x4.95 (+30% PK import); toolsmart.pk A130 range from 5,880 | R79: Online nahi mila - dealer quote chahiye.
A80: 79 | B80: HSS DRILL BIT 16.5MM TAPER SHANK | C80: Licota | D80: 2 | E80: 2470 | F80: Dormer A130 | G80: 12970 | H80: 16860 | I80: =IF(E80=0,0,(E80-H80)/E80) -> -5.8259109 | J80: =IF(E80<G80,"LOSS",IF(E80<H80*1.1,"THIN / RISK",IF(E80>H80*1.8,"OVERPRICED?","OK"))) -> LOSS | K80: =IF(J80="OVERPRICED?",ROUND(H80*1.35,-1),MAX(E80,ROUND(H80*(1+$E$3),-1))) -> 19390 | L80: =D80*E80 -> 4940 | M80: =D80*K80 -> 38780 | N80: =D80*H80 -> 33720 | O80: =IF(ISNUMBER(SEARCH(C80,F80)),"","YES") -> YES | P80: N | Q80: Dormer A130 16.5mm: khmtools.com.ph PHP list x4.95 (+30% PK import); toolsmart.pk A130 range from 5,880 | R80: Online nahi mila - dealer quote chahiye.
A81: 80 | B81: HSS DRILL BIT 17MM TAPER SHANK | C81: Licota | D81: 2 | E81: 2600 | F81: Dormer A130 | G81: 13600 | H81: 17680 | I81: =IF(E81=0,0,(E81-H81)/E81) -> -5.8 | J81: =IF(E81<G81,"LOSS",IF(E81<H81*1.1,"THIN / RISK",IF(E81>H81*1.8,"OVERPRICED?","OK"))) -> LOSS | K81: =IF(J81="OVERPRICED?",ROUND(H81*1.35,-1),MAX(E81,ROUND(H81*(1+$E$3),-1))) -> 20330 | L81: =D81*E81 -> 5200 | M81: =D81*K81 -> 40660 | N81: =D81*H81 -> 35360 | O81: =IF(ISNUMBER(SEARCH(C81,F81)),"","YES") -> YES | P81: N | Q81: Dormer A130 17mm: khmtools.com.ph PHP list x4.95 (+30% PK import); toolsmart.pk A130 range from 5,880 | R81: Online nahi mila - dealer quote chahiye.
A82: 81 | B82: HSS DRILL BIT 17.5MM TAPER SHANK | C82: Licota | D82: 2 | E82: 2730 | F82: Dormer A130 | G82: 14240 | H82: 18510 | I82: =IF(E82=0,0,(E82-H82)/E82) -> -5.7802198 | J82: =IF(E82<G82,"LOSS",IF(E82<H82*1.1,"THIN / RISK",IF(E82>H82*1.8,"OVERPRICED?","OK"))) -> LOSS | K82: =IF(J82="OVERPRICED?",ROUND(H82*1.35,-1),MAX(E82,ROUND(H82*(1+$E$3),-1))) -> 21290 | L82: =D82*E82 -> 5460 | M82: =D82*K82 -> 42580 | N82: =D82*H82 -> 37020 | O82: =IF(ISNUMBER(SEARCH(C82,F82)),"","YES") -> YES | P82: N | Q82: Dormer A130 17.5mm: khmtools.com.ph PHP list x4.95 (+30% PK import); toolsmart.pk A130 range from 5,880 | R82: Online nahi mila - dealer quote chahiye.
A83: 82 | B83: HSS DRILL BIT 19MM TAPER SHANK | C83: Licota | D83: 2 | E83: 3250 | F83: Dormer A130 | G83: 16140 | H83: 20990 | I83: =IF(E83=0,0,(E83-H83)/E83) -> -5.4584615 | J83: =IF(E83<G83,"LOSS",IF(E83<H83*1.1,"THIN / RISK",IF(E83>H83*1.8,"OVERPRICED?","OK"))) -> LOSS | K83: =IF(J83="OVERPRICED?",ROUND(H83*1.35,-1),MAX(E83,ROUND(H83*(1+$E$3),-1))) -> 24140 | L83: =D83*E83 -> 6500 | M83: =D83*K83 -> 48280 | N83: =D83*H83 -> 41980 | O83: =IF(ISNUMBER(SEARCH(C83,F83)),"","YES") -> YES | P83: N | Q83: Dormer A130 19mm: khmtools.com.ph PHP list x4.95 (+30% PK import); toolsmart.pk A130 range from 5,880 | R83: Online nahi mila - dealer quote chahiye.
A84: 83 | B84: HSS DRILL BIT 21MM TAPER SHANK | C84: Licota | D84: 1 | E84: 4160 | F84: Dormer A130 | G84: 19230 | H84: 25000 | I84: =IF(E84=0,0,(E84-H84)/E84) -> -5.0096154 | J84: =IF(E84<G84,"LOSS",IF(E84<H84*1.1,"THIN / RISK",IF(E84>H84*1.8,"OVERPRICED?","OK"))) -> LOSS | K84: =IF(J84="OVERPRICED?",ROUND(H84*1.35,-1),MAX(E84,ROUND(H84*(1+$E$3),-1))) -> 28750 | L84: =D84*E84 -> 4160 | M84: =D84*K84 -> 28750 | N84: =D84*H84 -> 25000 | O84: =IF(ISNUMBER(SEARCH(C84,F84)),"","YES") -> YES | P84: N | Q84: Dormer A130 21mm: khmtools.com.ph PHP list x4.95 (+30% PK import); toolsmart.pk A130 range from 5,880 | R84: Online nahi mila - dealer quote chahiye.
A85: 84 | B85: HSS DRILL BIT 25MM TAPER SHANK | C85: Licota | D85: 1 | E85: 5850 | F85: Dormer A130 | G85: 26490 | H85: 34430 | I85: =IF(E85=0,0,(E85-H85)/E85) -> -4.8854701 | J85: =IF(E85<G85,"LOSS",IF(E85<H85*1.1,"THIN / RISK",IF(E85>H85*1.8,"OVERPRICED?","OK"))) -> LOSS | K85: =IF(J85="OVERPRICED?",ROUND(H85*1.35,-1),MAX(E85,ROUND(H85*(1+$E$3),-1))) -> 39590 | L85: =D85*E85 -> 5850 | M85: =D85*K85 -> 39590 | N85: =D85*H85 -> 34430 | O85: =IF(ISNUMBER(SEARCH(C85,F85)),"","YES") -> YES | P85: N | Q85: Dormer A130 25mm: khmtools.com.ph PHP list x4.95 (+30% PK import); toolsmart.pk A130 range from 5,880 | R85: Online nahi mila - dealer quote chahiye.
... A93: 92 | B93: DEAD CENTRE DIAMOND TIP M3 | C93: Licota | D93: 2 | E93: 2860 | F93: Vertex (Taiwan) | G93: 3000 | H93: 4000 | I93: =IF(E93=0,0,(E93-H93)/E93) -> -0.3986014 | J93: =IF(E93<G93,"LOSS",IF(E93<H93*1.1,"THIN / RISK",IF(E93>H93*1.8,"OVERPRICED?","OK"))) -> LOSS | K93: =IF(J93="OVERPRICED?",ROUND(H93*1.35,-1),MAX(E93,ROUND(H93*(1+$E$3),-1))) -> 4600 | L93: =D93*E93 -> 5720 | M93: =D93*K93 -> 9200 | N93: =D93*H93 -> 8000 | O93: =IF(ISNUMBER(SEARCH(C93,F93)),"","YES") -> YES | P93: N | Q93: Market | R93: Online nahi mila - dealer quote chahiye.
A94: 93 | B94: DIGITAL VERINER CALIPER 300MM (Insize brand) | C94: Insize | D94: 2 | E94: 25350 | F94: Insize | G94: 18100 | H94: 18100 | I94: =IF(E94=0,0,(E94-H94)/E94) -> 0.28599606 | J94: =IF(E94<G94,"LOSS",IF(E94<H94*1.1,"THIN / RISK",IF(E94>H94*1.8,"OVERPRICED?","OK"))) -> OK | K94: =IF(J94="OVERPRICED?",ROUND(H94*1.35,-1),MAX(E94,ROUND(H94*(1+$E$3),-1))) -> 25350 | L94: =D94*E94 -> 50700 | M94: =D94*K94 -> 50700 | N94: =D94*H94 -> 36200 | O94: =IF(ISNUMBER(SEARCH(C94,F94)),"","YES") | P94: V | Q94: kamadi 1108-300 18,100; amjadhardware 15,800; ktools 19,500
A95: 94 | B95: MANUAL VERNIER CALLIPER 12" (Insize brand) | C95: Insize | D95: 3 | E95: 8138 | F95: Insize | G95: 15800 | H95: 15800 | I95: =IF(E95=0,0,(E95-H95)/E95) -> -0.94150897 | J95: =IF(E95<G95,"LOSS",IF(E95<H95*1.1,"THIN / RISK",IF(E95>H95*1.8,"OVERPRICED?","OK"))) -> LOSS | K95: =IF(J95="OVERPRICED?",ROUND(H95*1.35,-1),MAX(E95,ROUND(H95*(1+$E$3),-1))) -> 18170 | L95: =D95*E95 -> 24414 | M95: =D95*K95 -> 54510 | N95: =D95*H95 -> 47400 | O95: =IF(ISNUMBER(SEARCH(C95,F95)),"","YES") | P95: V | Q95: kamadi 1205-300S 15,800
A96: 95 | B96: MANUAL VERNIER CALLIPER 8" (Insize (Bosch)) | C96: Insize | D96: 3 | E96: 6370 | F96: Insize | G96: 7928 | H96: 7928 | I96: =IF(E96=0,0,(E96-H96)/E96) -> -0.24458399 | J96: =IF(E96<G96,"LOSS",IF(E96<H96*1.1,"THIN / RISK",IF(E96>H96*1.8,"OVERPRICED?","OK"))) -> LOSS | K96: =IF(J96="OVERPRICED?",ROUND(H96*1.35,-1),MAX(E96,ROUND(H96*(1+$E$3),-1))) -> 9120 | L96: =D96*E96 -> 19110 | M96: =D96*K96 -> 27360 | N96: =D96*H96 -> 23784 | O96: =IF(ISNUMBER(SEARCH(C96,F96)),"","YES") | P96: V | Q96: purchaser 1205-200S 7,928
A97: 96 | B97: VERNIER DEPTH GUAGE 250MM GRADUATION 0.02M | C97: Licota | D97: 2 | E97: 14950 | F97: Insize | G97: 15000 | H97: 20000 | I97: =IF(E97=0,0,(E97-H97)/E97) -> -0.33779264 | J97: =IF(E97<G97,"LOSS",IF(E97<H97*1.1,"THIN / RISK",IF(E97>H97*1.8,"OVERPRICED?","OK"))) -> LOSS | K97: =IF(J97="OVERPRICED?",ROUND(H97*1.35,-1),MAX(E97,ROUND(H97*(1+$E$3),-1))) -> 23000 | L97: =D97*E97 -> 29900 | M97: =D97*K97 -> 46000 | N97: =D97*H97 -> 40000 | O97: =IF(ISNUMBER(SEARCH(C97,F97)),"","YES") -> YES | P97: N | Q97: Market | R97: Online nahi mila - dealer quote chahiye. depth gauge 250
A98: 97 | B98: CORDLESS DRILL DRIVER 150NM Bosch | C98: Bosch Professional | D98: 2 | E98: 286000 | F98: Bosch Professional | G98: 199500 | H98: 199500 | I98: =IF(E98=0,0,(E98-H98)/E98) -> 0.30244755 | J98: =IF(E98<G98,"LOSS",IF(E98<H98*1.1,"THIN / RISK",IF(E98>H98*1.8,"OVERPRICED?","OK"))) -> OK | K98: =IF(J98="OVERPRICED?",ROUND(H98*1.35,-1),MAX(E98,ROUND(H98*(1+$E$3),-1))) -> 286000 | L98: =D98*E98 -> 572000 | M98: =D98*K98 -> 572000 | N98: =D98*H98 -> 399000 | O98: =IF(ISNUMBER(SEARCH(C98,F98)),"","YES") | P98: S | Q98: ktools Bosch GSB 18V-150C 199,500 (oos, single listing) | R98: Spec/pack/stock farq - source dekho
A99: 98 | B99: TAP SET 1/2" BSPF LEFT HAND (Dormer) | C99: Dormer | D99: 1 | E99: 15600 | F99: Dormer | G99: 12000 | H99: 16000 | I99: =IF(E99=0,0,(E99-H99)/E99) -> -0.025641026 | J99: =IF(E99<G99,"LOSS",IF(E99<H99*1.1,"THIN / RISK",IF(E99>H99*1.8,"OVERPRICED?","OK"))) -> THIN / RISK | K99: =IF(J99="OVERPRICED?",ROUND(H99*1.35,-1),MAX(E99,ROUND(H99*(1+$E$3),-1))) -> 18400 | L99: =D99*E99 -> 15600 | M99: =D99*K99 -> 18400 | N99: =D99*H99 -> 16000 | O99: =IF(ISNUMBER(SEARCH(C99,F99)),"","YES") | P99: N | Q99: Market | R99: Online nahi mila - dealer quote chahiye.
A100: 99 | B100: TAP SET 1/2" BSPF RIGHT HAND | C100: Licota | D100: 1 | E100: 11050 | F100: Dormer / Totem | G100: 8000 | H100: 11000 | I100: =IF(E100=0,0,(E100-H100)/E100) -> 0.0045248869 | J100: =IF(E100<G100,"LOSS",IF(E100<H100*1.1,"THIN / RISK",IF(E100>H100*1.8,"OVERPRICED?","OK"))) -> THIN / RISK | K100: =IF(J100="OVERPRICED?",ROUND(H100*1.35,-1),MAX(E100,ROUND(H100*(1+$E$3),-1))) -> 12650 | L100: =D100*E100 -> 11050 | M100: =D100*K100 -> 12650 | N100: =D100*H100 -> 11000 | O100: =IF(ISNUMBER(SEARCH(C100,F100)),"","YES") -> YES | P100: N | Q100: Market | R100: Online nahi mila - dealer quote chahiye.
A101: 100 | B101: TAP SET 3/8" BSPF | C101: Licota | D101: 1 | E101: 9100 | F101: Dormer / Totem | G101: 6500 | H101: 9000 | I101: =IF(E101=0,0,(E101-H101)/E101) -> 0.010989011 | J101: =IF(E101<G101,"LOSS",IF(E101<H101*1.1,"THIN / RISK",IF(E101>H101*1.8,"OVERPRICED?","OK"))) -> THIN / RISK | K101: =IF(J101="OVERPRICED?",ROUND(H101*1.35,-1),MAX(E101,ROUND(H101*(1+$E$3),-1))) -> 10350 | L101: =D101*E101 -> 9100 | M101: =D101*K101 -> 10350 | N101: =D101*H101 -> 9000 | O101: =IF(ISNUMBER(SEARCH(C101,F101)),"","YES") -> YES | P101: N | Q101: Market | R101: Online nahi mila - dealer quote chahiye.
A102: 101 | B102: TAP SET 1/4" BSPF | C102: Licota | D102: 3 | E102: 7150 | F102: Dormer / Totem | G102: 5500 | H102: 7500 | I102: =IF(E102=0,0,(E102-H102)/E102) -> -0.048951049 | J102: =IF(E102<G102,"LOSS",IF(E102<H102*1.1,"THIN / RISK",IF(E102>H102*1.8,"OVERPRICED?","OK"))) -> THIN / RISK | K102: =IF(J102="OVERPRICED?",ROUND(H102*1.35,-1),MAX(E102,ROUND(H102*(1+$E$3),-1))) -> 8630 | L102: =D102*E102 -> 21450 | M102: =D102*K102 -> 25890 | N102: =D102*H102 -> 22500 | O102: =IF(ISNUMBER(SEARCH(C102,F102)),"","YES") -> YES | P102: N | Q102: Market | R102: Online nahi mila - dealer quote chahiye.
A103: 102 | B103: TAP SET 1/8" BSPF | C103: Licota | D103: 3 | E103: 5850 | F103: Dormer / Totem | G103: 4500 | H103: 6000 | I103: =IF(E103=0,0,(E103-H103)/E103) -> -0.025641026 | J103: =IF(E103<G103,"LOSS",IF(E103<H103*1.1,"THIN / RISK",IF(E103>H103*1.8,"OVERPRICED?","OK"))) -> THIN / RISK | K103: =IF(J103="OVERPRICED?",ROUND(H103*1.35,-1),MAX(E103,ROUND(H103*(1+$E$3),-1))) -> 6900 | L103: =D103*E103 -> 17550 | M103: =D103*K103 -> 20700 | N103: =D103*H103 -> 18000 | O103: =IF(ISNUMBER(SEARCH(C103,F103)),"","YES") -> YES | P103: N | Q103: Market | R103: Online nahi mila - dealer quote chahiye.
A104: 103 | B104: WIRE BRUSH HEAVY DUTY 4/5 NROW | C104: Industrial | D104: 12 | E104: 715 | F104: Harden | G104: 540 | H104: 540 | I104: =IF(E104=0,0,(E104-H104)/E104) -> 0.24475524 | J104: =IF(E104<G104,"LOSS",IF(E104<H104*1.1,"THIN / RISK",IF(E104>H104*1.8,"OVERPRICED?","OK"))) -> OK | K104: =IF(J104="OVERPRICED?",ROUND(H104*1.35,-1),MAX(E104,ROUND(H104*(1+$E$3),-1))) -> 715 | L104: =D104*E104 -> 8580 | M104: =D104*K104 -> 8580 | N104: =D104*H104 -> 6480 | O104: =IF(ISNUMBER(SEARCH(C104,F104)),"","YES") -> YES | P104: V | Q104: toolsmart.pk Harden steel brush wood handle 4 row Rs 540; pakistanpowertools 325-510
A105: 104 | B105: WELDING HELMET (FLIP FRONT) | C105: Industrial | D105: 4 | E105: 1274 | F105: Industrial | G105: 700 | H105: 1000 | I105: =IF(E105=0,0,(E105-H105)/E105) -> 0.21507064 | J105: =IF(E105<G105,"LOSS",IF(E105<H105*1.1,"THIN / RISK",IF(E105>H105*1.8,"OVERPRICED?","OK"))) -> OK | K105: =IF(J105="OVERPRICED?",ROUND(H105*1.35,-1),MAX(E105,ROUND(H105*(1+$E$3),-1))) -> 1274 | L105: =D105*E105 -> 5096 | M105: =D105*K105 -> 5096 | N105: =D105*H105 -> 4000 | O105: =IF(ISNUMBER(SEARCH(C105,F105)),"","YES") | P105: N | Q105: Market | R105: Online nahi mila - dealer quote chahiye. flip-front (alt Wadfow auto-darkening WWH2501 powerhouse 3,840
A106: 105 | B106: WELDING LEATHER GLOVES 16" | C106: Industrial | D106: 12 | E106: 1170 | F106: Leather Forge | G106: 800 | H106: 800 | I106: =IF(E106=0,0,(E106-H106)/E106) -> 0.31623932 | J106: =IF(E106<G106,"LOSS",IF(E106<H106*1.1,"THIN / RISK",IF(E106>H106*1.8,"OVERPRICED?","OK"))) -> OK | K106: =IF(J106="OVERPRICED?",ROUND(H106*1.35,-1),MAX(E106,ROUND(H106*(1+$E$3),-1))) -> 1170 | L106: =D106*E106 -> 14040 | M106: =D106*K106 -> 14040 | N106: =D106*H106 -> 9600 | O106: =IF(ISNUMBER(SEARCH(C106,F106)),"","YES") -> YES | P106: V | Q106: mjstraders Leather Forge 16in welding gloves 800 (alt Total TSP15161 toolsmart 2,640)
A107: 106 | B107: C-CLAMP 6" | C107: Licota | D107: 6 | E107: 3640 | F107: Total | G107: 2420 | H107: 2420 | I107: =IF(E107=0,0,(E107-H107)/E107) -> 0.33516484 | J107: =IF(E107<G107,"LOSS",IF(E107<H107*1.1,"THIN / RISK",IF(E107>H107*1.8,"OVERPRICED?","OK"))) -> OK | K107: =IF(J107="OVERPRICED?",ROUND(H107*1.35,-1),MAX(E107,ROUND(H107*(1+$E$3),-1))) -> 3640 | L107: =D107*E107 -> 21840 | M107: =D107*K107 -> 21840 | N107: =D107*H107 -> 14520 | O107: =IF(ISNUMBER(SEARCH(C107,F107)),"","YES") -> YES | P107: V | Q107: toolsmart.pk Total G clamp 6in THT13161 Rs 2,420
A108: 107 | B108: C-CLAMP 12" | C108: Licota | D108: 6 | E108: 6760 | F108: Yato | G108: 4500 | H108: 6000 | I108: =IF(E108=0,0,(E108-H108)/E108) -> 0.11242604 | J108: =IF(E108<G108,"LOSS",IF(E108<H108*1.1,"THIN / RISK",IF(E108>H108*1.8,"OVERPRICED?","OK"))) -> OK | K108: =IF(J108="OVERPRICED?",ROUND(H108*1.35,-1),MAX(E108,ROUND(H108*(1+$E$3),-1))) -> 6900 | L108: =D108*E108 -> 40560 | M108: =D108*K108 -> 41400 | N108: =D108*H108 -> 36000 | O108: =IF(ISNUMBER(SEARCH(C108,F108)),"","YES") -> YES | P108: N | Q108: Market | R108: Online nahi mila - dealer quote chahiye. 12in (Total G clamp range totaltool 1,430-3,699 size unclear
A109: 108 | B109: SPIRIT LEVEL 1 METER | C109: Licota | D109: 3 | E109: 4550 | F109: Total | G109: 3350 | H109: 3350 | I109: =IF(E109=0,0,(E109-H109)/E109) -> 0.26373626 | J109: =IF(E109<G109,"LOSS",IF(E109<H109*1.1,"THIN / RISK",IF(E109>H109*1.8,"OVERPRICED?","OK"))) -> OK | K109: =IF(J109="OVERPRICED?",ROUND(H109*1.35,-1),MAX(E109,ROUND(H109*(1+$E$3),-1))) -> 4550 | L109: =D109*E109 -> 13650 | M109: =D109*K109 -> 13650 | N109: =D109*H109 -> 10050 | O109: =IF(ISNUMBER(SEARCH(C109,F109)),"","YES") -> YES | P109: V | Q109: Total spirit level 100cm TMT210026: powerhouseexpress 2,808-3,350; totaltool 2,600 (Yato 600mm amjadhardware 2,800)
...

Sheet Summary
A1: Summary - Quote PR-217 & PR-228
A3: Total line items | B3: =COUNTA('Rate Check'!A6:A227) -> 222
A4: LOSS items (quoted < lowest buying) | B4: =COUNTIF('Rate Check'!J6:J227,"LOSS") -> 77
A5: THIN / RISK items (<10% over high buying) | B5: =COUNTIF('Rate Check'!J6:J227,"THIN / RISK") -> 45
A6: OK items | B6: =COUNTIF('Rate Check'!J6:J227,"OK") -> 78
A7: OVERPRICED? items (>80% over high buying) | B7: =COUNTIF('Rate Check'!J6:J227,"OVERPRICED?") -> 22
A8: Items where brand must change | B8: =COUNTIF('Rate Check'!O6:O227,"YES") -> 158
A10: Quoted total (PKR) | B10: ='Rate Check'!L228 -> 12209508
A11: Estimated cost at HIGH buying (PKR) | B11: ='Rate Check'!N228 -> 11614372
A12: Gross margin on quote (PKR) | B12: =B10-B11 -> 595136
A13: Gross margin % | B13: =IF(B10=0,0,B12/B10) -> 0.048743651
A14: Loss on LOSS/THIN lines (PKR, at high buying) | B14: =SUMPRODUCT(('Rate Check'!E6:E227<'Rate Check'!H6:H227)*('Rate Check'!H6:H227-'Rate Check'!E6:E227)*'Rate Check'!D6:D227) -> 2412436
A16: Revised quote total (PKR) | B16: ='Rate Check'!M228 -> 14661411
A17: Revised margin % | B17: =IF(B16=0,0,(B16-B11)/B16) -> 0.20782713
A19: V items (exact online listing) | B19: =COUNTIF('Rate Check'!P6:P227,"V") -> 75
A20: S items (listed, spec/pack farq) | B20: =COUNTIF('Rate Check'!P6:P227,"S") -> 25
A21: N items (online nahi - dealer quote) | B21: =COUNTIF('Rate Check'!P6:P227,"N") -> 122

Sheet Sources
A1: Sources (checked Oct 2026 - prices change, confirm before PO)
A3: toolsmart.pk - Licota collection | B3: https://www.toolsmart.pk/collections/licota
A4: toolsmart.pk - Licota 18in pipe wrench Rs 9,620 | B4: https://www.toolsmart.pk/products/licota-18-heavy-duty-ridgid-type-pipe-wrench-cr-mo
A5: toolsmart.pk - Licota 9pc extra long hex | B5: https://www.toolsmart.pk/products/licota-9pcs-extra-long-type-hex-key-set
A6: toolsmart.pk - Licota 120pc socket set | B6: https://www.toolsmart.pk/products/licota-120pcs-1-4-3-8-1-2-dr-socket-set
A7: toolsmart.pk - grease guns (Licota 400cc Rs 7,760) | B7: https://www.toolsmart.pk/collections/all-tools/grease-gun
A8: kamadi.pk - Bosch GDS 18V-1000 | B8: https://kamadi.pk/products/gds-18v-1000-bosch-cordless-impact-wrench-650n-m-18v
A9: kamadi.pk - Bosch GDX 180-Li | B9: https://kamadi.pk/products/gdx-180-li-bosch-cordless-impact-driver-wrench-180n-m-18v
A10: kamadi.pk - Bosch GWS 2200-230 H | B10: https://kamadi.pk/products/bosch-gws-2200-230-h-angle-grinder
A11: kamadi.pk - Insize 1205-300S | B11: https://kamadi.pk/products/insize-1205-300s-vernier-caliper-0-300mm
A12: kamadi.pk - Insize 1108-300 | B12: https://kamadi.pk/products/1108-300-insize-digital-4-way-vernier-caliper-0-300mm
A13: kamadi.pk - Insize 3109-25A micrometer | B13: https://kamadi.pk/products/insize-3109-25a-digital-outside-micrometer-0-25mm
A14: ktools.pk - Bosch GDS 18V-1000 solo | B14: https://www.ktools.pk/products/bosch-gds-18v-1000-cordless-impact-wrench
... A32: goldpeaktools.com.ph - Licota AWX-2603GN 7-drawer (ref) | B32: https://shop.goldpeaktools.com.ph/products/licota-awx-2603gn-tool-cabinet-carriage-7-drawers
